<?xml version="1.0"?>
<?mso-application progid="Excel.Sheet"?>
<Workbook xmlns="urn:schemas-microsoft-com:office:spreadsheet"
 xmlns:o="urn:schemas-microsoft-com:office:office"
 xmlns:x="urn:schemas-microsoft-com:office:excel"
 xmlns:ss="urn:schemas-microsoft-com:office:spreadsheet"
 xmlns:html="http://www.w3.org/TR/REC-html40">
 <DocumentProperties xmlns="urn:schemas-microsoft-com:office:office">
  <Author>Windows 사용자</Author>
  <LastAuthor>Windows 사용자</LastAuthor>
  <Created>2024-10-09T10:48:03Z</Created>
  <LastSaved>2024-10-09T10:51:24Z</LastSaved>
  <Version>15.00</Version>
 </DocumentProperties>
 <OfficeDocumentSettings xmlns="urn:schemas-microsoft-com:office:office">
  <AllowPNG/>
 </OfficeDocumentSettings>
 <ExcelWorkbook xmlns="urn:schemas-microsoft-com:office:excel">
  <WindowHeight>12390</WindowHeight>
  <WindowWidth>28800</WindowWidth>
  <WindowTopX>0</WindowTopX>
  <WindowTopY>0</WindowTopY>
  <ProtectStructure>False</ProtectStructure>
  <ProtectWindows>False</ProtectWindows>
 </ExcelWorkbook>
 <Styles>
  <Style ss:ID="Default" ss:Name="Normal">
   <Alignment ss:Vertical="Center"/>
   <Borders/>
   <Font ss:FontName="맑은 고딕" x:CharSet="129" x:Family="Modern" ss:Size="11"
    ss:Color="#000000"/>
   <Interior/>
   <NumberFormat/>
   <Protection/>
  </Style>
 </Styles>
 <Worksheet ss:Name="Sheet1">
  <Table ss:ExpandedColumnCount="6" ss:ExpandedRowCount="11" x:FullColumns="1"
   x:FullRows="1" ss:DefaultColumnWidth="54" ss:DefaultRowHeight="16.5">
   <Column ss:Width="57"/>
   <Row>
    <Cell ss:Index="2"><Data ss:Type="String">국어</Data></Cell>
    <Cell><Data ss:Type="String">영어</Data></Cell>
    <Cell><Data ss:Type="String">수학</Data></Cell>
    <Cell><Data ss:Type="String">과학</Data></Cell>
    <Cell><Data ss:Type="String">역사</Data></Cell>
   </Row>
   <Row>
    <Cell><Data ss:Type="Number">20240001</Data></Cell>
    <Cell ss:Formula="=RANDBETWEEN(51,100)"><Data ss:Type="Number">68</Data></Cell>
    <Cell ss:Formula="=RANDBETWEEN(51,100)"><Data ss:Type="Number">65</Data></Cell>
    <Cell ss:Formula="=RANDBETWEEN(51,100)"><Data ss:Type="Number">56</Data></Cell>
    <Cell ss:Formula="=RANDBETWEEN(51,100)"><Data ss:Type="Number">96</Data></Cell>
    <Cell ss:Formula="=RANDBETWEEN(51,100)"><Data ss:Type="Number">97</Data></Cell>
   </Row>
   <Row>
    <Cell><Data ss:Type="Number">20240002</Data></Cell>
    <Cell ss:Formula="=RANDBETWEEN(51,100)"><Data ss:Type="Number">59</Data></Cell>
    <Cell ss:Formula="=RANDBETWEEN(51,100)"><Data ss:Type="Number">67</Data></Cell>
    <Cell ss:Formula="=RANDBETWEEN(51,100)"><Data ss:Type="Number">69</Data></Cell>
    <Cell ss:Formula="=RANDBETWEEN(51,100)"><Data ss:Type="Number">61</Data></Cell>
    <Cell ss:Formula="=RANDBETWEEN(51,100)"><Data ss:Type="Number">55</Data></Cell>
   </Row>
   <Row>
    <Cell><Data ss:Type="Number">20240003</Data></Cell>
    <Cell ss:Formula="=RANDBETWEEN(51,100)"><Data ss:Type="Number">58</Data></Cell>
    <Cell ss:Formula="=RANDBETWEEN(51,100)"><Data ss:Type="Number">66</Data></Cell>
    <Cell ss:Formula="=RANDBETWEEN(51,100)"><Data ss:Type="Number">92</Data></Cell>
    <Cell ss:Formula="=RANDBETWEEN(51,100)"><Data ss:Type="Number">88</Data></Cell>
    <Cell ss:Formula="=RANDBETWEEN(51,100)"><Data ss:Type="Number">89</Data></Cell>
   </Row>
   <Row>
    <Cell><Data ss:Type="Number">20240004</Data></Cell>
    <Cell ss:Formula="=RANDBETWEEN(51,100)"><Data ss:Type="Number">96</Data></Cell>
    <Cell ss:Formula="=RANDBETWEEN(51,100)"><Data ss:Type="Number">100</Data></Cell>
    <Cell ss:Formula="=RANDBETWEEN(51,100)"><Data ss:Type="Number">77</Data></Cell>
    <Cell ss:Formula="=RANDBETWEEN(51,100)"><Data ss:Type="Number">68</Data></Cell>
    <Cell ss:Formula="=RANDBETWEEN(51,100)"><Data ss:Type="Number">96</Data></Cell>
   </Row>
   <Row>
    <Cell><Data ss:Type="Number">20240005</Data></Cell>
    <Cell ss:Formula="=RANDBETWEEN(51,100)"><Data ss:Type="Number">63</Data></Cell>
    <Cell ss:Formula="=RANDBETWEEN(51,100)"><Data ss:Type="Number">81</Data></Cell>
    <Cell ss:Formula="=RANDBETWEEN(51,100)"><Data ss:Type="Number">91</Data></Cell>
    <Cell ss:Formula="=RANDBETWEEN(51,100)"><Data ss:Type="Number">59</Data></Cell>
    <Cell ss:Formula="=RANDBETWEEN(51,100)"><Data ss:Type="Number">100</Data></Cell>
   </Row>
   <Row>
    <Cell><Data ss:Type="Number">20240006</Data></Cell>
    <Cell ss:Formula="=RANDBETWEEN(51,100)"><Data ss:Type="Number">63</Data></Cell>
    <Cell ss:Formula="=RANDBETWEEN(51,100)"><Data ss:Type="Number">96</Data></Cell>
    <Cell ss:Formula="=RANDBETWEEN(51,100)"><Data ss:Type="Number">65</Data></Cell>
    <Cell ss:Formula="=RANDBETWEEN(51,100)"><Data ss:Type="Number">69</Data></Cell>
    <Cell ss:Formula="=RANDBETWEEN(51,100)"><Data ss:Type="Number">76</Data></Cell>
   </Row>
   <Row>
    <Cell><Data ss:Type="Number">20240007</Data></Cell>
    <Cell ss:Formula="=RANDBETWEEN(51,100)"><Data ss:Type="Number">77</Data></Cell>
    <Cell ss:Formula="=RANDBETWEEN(51,100)"><Data ss:Type="Number">77</Data></Cell>
    <Cell ss:Formula="=RANDBETWEEN(51,100)"><Data ss:Type="Number">80</Data></Cell>
    <Cell ss:Formula="=RANDBETWEEN(51,100)"><Data ss:Type="Number">67</Data></Cell>
    <Cell ss:Formula="=RANDBETWEEN(51,100)"><Data ss:Type="Number">77</Data></Cell>
   </Row>
   <Row>
    <Cell><Data ss:Type="Number">20240008</Data></Cell>
    <Cell ss:Formula="=RANDBETWEEN(51,100)"><Data ss:Type="Number">83</Data></Cell>
    <Cell ss:Formula="=RANDBETWEEN(51,100)"><Data ss:Type="Number">55</Data></Cell>
    <Cell ss:Formula="=RANDBETWEEN(51,100)"><Data ss:Type="Number">51</Data></Cell>
    <Cell ss:Formula="=RANDBETWEEN(51,100)"><Data ss:Type="Number">88</Data></Cell>
    <Cell ss:Formula="=RANDBETWEEN(51,100)"><Data ss:Type="Number">81</Data></Cell>
   </Row>
   <Row>
    <Cell><Data ss:Type="Number">20240009</Data></Cell>
    <Cell ss:Formula="=RANDBETWEEN(51,100)"><Data ss:Type="Number">73</Data></Cell>
    <Cell ss:Formula="=RANDBETWEEN(51,100)"><Data ss:Type="Number">64</Data></Cell>
    <Cell ss:Formula="=RANDBETWEEN(51,100)"><Data ss:Type="Number">92</Data></Cell>
    <Cell ss:Formula="=RANDBETWEEN(51,100)"><Data ss:Type="Number">89</Data></Cell>
    <Cell ss:Formula="=RANDBETWEEN(51,100)"><Data ss:Type="Number">56</Data></Cell>
   </Row>
   <Row>
    <Cell><Data ss:Type="Number">20240010</Data></Cell>
    <Cell ss:Formula="=RANDBETWEEN(51,100)"><Data ss:Type="Number">98</Data></Cell>
    <Cell ss:Formula="=RANDBETWEEN(51,100)"><Data ss:Type="Number">58</Data></Cell>
    <Cell ss:Formula="=RANDBETWEEN(51,100)"><Data ss:Type="Number">67</Data></Cell>
    <Cell ss:Formula="=RANDBETWEEN(51,100)"><Data ss:Type="Number">94</Data></Cell>
    <Cell ss:Formula="=RANDBETWEEN(51,100)"><Data ss:Type="Number">63</Data></Cell>
   </Row>
  </Table>
  <WorksheetOptions xmlns="urn:schemas-microsoft-com:office:excel">
   <PageSetup>
    <Header x:Margin="0.3"/>
    <Footer x:Margin="0.3"/>
    <PageMargins x:Bottom="0.75" x:Left="0.7" x:Right="0.7" x:Top="0.75"/>
   </PageSetup>
   <Print>
    <ValidPrinterInfo/>
    <PaperSizeIndex>9</PaperSizeIndex>
    <HorizontalResolution>-1</HorizontalResolution>
    <VerticalResolution>-1</VerticalResolution>
   </Print>
   <Selected/>
   <Panes>
    <Pane>
     <Number>3</Number>
     <ActiveRow>9</ActiveRow>
     <ActiveCol>9</ActiveCol>
    </Pane>
   </Panes>
   <ProtectObjects>False</ProtectObjects>
   <ProtectScenarios>False</ProtectScenarios>
  </WorksheetOptions>
 </Worksheet>
</Workbook>
